Set,Accuracy,Precision,Recall,F1
Train,0.8470441595441596,0.9193205944798302,0.7639378969654199,0.8344575062632492
Test,0.8183760683760684,0.8660869565217392,0.7366863905325444,0.7961630695443646
