Set,Accuracy,Precision,Recall,F1
Train,0.8263518659558263,0.8639726807057484,0.7733061640346408,0.8161290322580644
Test,0.8101522842639594,0.8466666666666667,0.7635270541082164,0.802950474183351
