Set,Accuracy,Precision,Recall,F1
Train,0.6785968660968661,0.9549071618037135,0.38108680310515175,0.544766708701135
Test,0.6723646723646723,0.9153846153846154,0.3520710059171598,0.5085470085470086
