Set,Accuracy,Precision,Recall,F1-Score
Training,0.8316546762589928,0.8853211009174312,0.7625718390804598,0.8193747587803938
Test,0.8179856115107914,0.8588235294117647,0.7514705882352941,0.8015686274509803
