Set,Accuracy,Precision,Recall,F1-Score
Training,0.6874549387166546,0.9555555555555556,0.37969094922737306,0.5434439178515007
Test,0.6827685652487383,0.9741935483870968,0.4114441416893733,0.578544061302682
