Set,Accuracy,Precision,Recall,F1-Score
Training,0.8202956020187455,0.8888386805241754,0.7236938925680647,0.7978097748935307
Test,0.8046142754145638,0.9026086956521739,0.7070844686648501,0.7929717341482047
