Set,Accuracy,Precision,Recall,F1
Train,0.8303893294881038,0.8792146820315835,0.7579102281089036,0.814068365935586
Test,0.8204758471521268,0.886762360446571,0.7574931880108992,0.8170462894930197
