Set,Accuracy,Precision,Recall,F1-Score
Training,0.815068493150685,0.8923933209647495,0.7078734363502576,0.7894952810832991
Test,0.8002883922134102,0.9058614564831261,0.6948228882833788,0.7864302235929067
