Set,Accuracy,Precision,Recall,F1
Train,0.8570703224168571,0.8995433789954338,0.8028527763627101,0.8484522207267833
Test,0.8142131979695432,0.8590909090909091,0.7575150300601202,0.8051118210862621
