Set,Accuracy,Precision,Recall,F1
Train,0.8258441228738258,0.8731735827001753,0.761079979623026,0.8132825258573761
Test,0.8101522842639594,0.8661971830985915,0.7394789579158316,0.7978378378378378
